{"-45.0 35.0": {"mob": 16.00952273180808, "d": 577.0, "rho": 0.001280411892672, "Rs": 22.190847360000003, "y": 35.0, "x": -45.0, "wp": 1.052, "ne": 3.045155003361638e+20}, "15.0 -15.0": {"mob": 18.53220424932643, "d": 784.0, "rho": 0.0008601052501888, "Rs": 10.970730232000001, "y": -15.0, "x": 15.0, "wp": 1.193, "ne": 3.916145431280131e+20}, "5.0 -45.0": {"mob": 5.661182500854908, "d": 484.0, "rho": 0.004796892843952, "Rs": 99.10935628, "y": -45.0, "x": 5.0, "wp": 0.914, "ne": 2.2986365904417964e+20}, "-25.0 -15.0": {"mob": 14.979810348101102, "d": 521.0, "rho": 0.0011797593536828, "Rs": 22.644133468, "y": -15.0, "x": -25.0, "wp": 1.133, "ne": 3.5321386577714505e+20}, "5.0 5.0": {"mob": 18.105946683851414, "d": 914.0, "rho": 0.0009507242044872, "Rs": 10.401796548, "y": 5.0, "x": 5.0, "wp": 1.148, "ne": 3.626283052695493e+20}, "-35.0 35.0": {"mob": 16.6904962486388, "d": 675.0, "rho": 0.00123520584528, "Rs": 18.299345856, "y": 35.0, "x": -35.0, "wp": 1.049, "ne": 3.027811963139329e+20}, "-45.0 15.0": {"mob": 14.937695526391607, "d": 524.0, "rho": 0.001199971457784, "Rs": 22.90021866, "y": 15.0, "x": -45.0, "wp": 1.125, "ne": 3.482434599612517e+20}, "-25.0 -25.0": {"mob": 12.72719628154548, "d": 490.0, "rho": 0.001730193744972, "Rs": 35.310076428, "y": -25.0, "x": -25.0, "wp": 1.015, "ne": 2.834718961292488e+20}, "-25.0 -5.0": {"mob": 18.226137878394052, "d": 607.0, "rho": 0.0009594392132951999, "Rs": 15.806247336, "y": -5.0, "x": -25.0, "wp": 1.139, "ne": 3.569647831864819e+20}, "-15.0 -45.0": {"mob": 5.004390777570449, "d": 421.0, "rho": 0.0056846722595124, "Rs": 135.027844644, "y": -45.0, "x": -15.0, "wp": 0.893, "ne": 2.19422339873691e+20}, "-45.0 25.0": {"mob": 15.401862744099036, "d": 543.0, "rho": 0.0011494589378183999, "Rs": 21.168672888, "y": 25.0, "x": -45.0, "wp": 1.132, "ne": 3.525906389628737e+20}, "35.0 35.0": {"mob": 1.4461592488863597, "d": 1275.0, "rho": 0.03034489673061, "Rs": 237.99919004400002, "y": 35.0, "x": 35.0, "wp": 0.719, "ne": 1.422445726854547e+20}, "-35.0 -35.0": {"mob": 8.977669517102676, "d": 385.0, "rho": 0.002669133335022, "Rs": 69.328138572, "y": -35.0, "x": -35.0, "wp": 0.973, "ne": 2.604975269970614e+20}, "-45.0 -15.0": {"mob": 12.74147107078936, "d": 404.0, "rho": 0.0016398516215488, "Rs": 40.590386672, "y": -15.0, "x": -45.0, "wp": 1.042, "ne": 2.987537478015752e+20}, "-25.0 -35.0": {"mob": 9.315569291113896, "d": 426.0, "rho": 0.0026097319990632, "Rs": 61.261314532, "y": -35.0, "x": -25.0, "wp": 0.966, "ne": 2.5676284375198174e+20}, "-35.0 -15.0": {"mob": 13.940561533519885, "d": 465.0, "rho": 0.001340034893736, "Rs": 28.817954704, "y": -15.0, "x": -35.0, "wp": 1.102, "ne": 3.341497289882739e+20}, "35.0 15.0": {"mob": 8.056659554483955, "d": 1163.0, "rho": 0.0032486669469056, "Rs": 27.933507712, "y": 15.0, "x": 35.0, "wp": 0.931, "ne": 2.3849390585637487e+20}, "35.0 -45.0": {"mob": 8.843083116713839, "d": 540.0, "rho": 0.002278899059976, "Rs": 42.201834444, "y": -45.0, "x": 35.0, "wp": 1.061, "ne": 3.0974812917810574e+20}, "25.0 -15.0": {"mob": 19.210850338968, "d": 842.0, "rho": 0.0008214376587823999, "Rs": 9.755791671999999, "y": -15.0, "x": 25.0, "wp": 1.199, "ne": 3.955635723723501e+20}, "-45.0 5.0": {"mob": 15.659970988340058, "d": 497.0, "rho": 0.0012148518913915997, "Rs": 24.443700028, "y": 5.0, "x": -45.0, "wp": 1.092, "ne": 3.281128211272962e+20}, "5.0 15.0": {"mob": 14.370864695779613, "d": 998.0, "rho": 0.0013996763681383998, "Rs": 14.024813307999999, "y": 15.0, "x": 5.0, "wp": 1.062, "ne": 3.1033228393603006e+20}, "25.0 45.0": {"mob": 0.6093367973329958, "d": 1279.0, "rho": 0.081231565131244, "Rs": 635.11778836, "y": 45.0, "x": 25.0, "wp": 0.677, "ne": 1.2611166558860688e+20}, "-35.0 -25.0": {"mob": 11.75986068812666, "d": 433.0, "rho": 0.0018948509536, "Rs": 43.760992, "y": -25.0, "x": -35.0, "wp": 1.009, "ne": 2.8013040984557912e+20}, "35.0 25.0": {"mob": 3.3591503377542002, "d": 1208.0, "rho": 0.008943151134614401, "Rs": 74.032708068, "y": 25.0, "x": 35.0, "wp": 0.869, "ne": 2.077865714313472e+20}, "-5.0 35.0": {"mob": 9.273109669173868, "d": 1012.0, "rho": 0.0026993566633792, "Rs": 26.673484816000002, "y": 35.0, "x": -5.0, "wp": 0.952, "ne": 2.4937437292778052e+20}, "25.0 35.0": {"mob": 2.0245530957824673, "d": 1238.0, "rho": 0.0165436267286488, "Rs": 133.631879876, "y": 35.0, "x": 25.0, "wp": 0.823, "ne": 1.8637068206782785e+20}, "5.0 35.0": {"mob": 5.729083357874939, "d": 1100.0, "rho": 0.00455871663852, "Rs": 41.442878532, "y": 35.0, "x": 5.0, "wp": 0.932, "ne": 2.3900652022943787e+20}, "-25.0 45.0": {"mob": 13.009162591253693, "d": 822.0, "rho": 0.0018882671903039999, "Rs": 22.97162032, "y": 45.0, "x": -25.0, "wp": 0.961, "ne": 2.541117221822223e+20}, "45.0 45.0": {"mob": 0.15414148620407586, "d": 1380.0, "rho": 0.6104878679444159, "Rs": 4423.825130032, "y": 45.0, "x": 45.0, "wp": 0.491, "ne": 6.633472124121958e+19}, "15.0 -45.0": {"mob": 6.455418579155085, "d": 513.0, "rho": 0.0039269275012836, "Rs": 76.548294372, "y": -45.0, "x": 15.0, "wp": 0.946, "ne": 2.462409040708611e+20}, "45.0 5.0": {"mob": 10.485108836416188, "d": 1089.0, "rho": 0.0020315486485404, "Rs": 18.655175836, "y": 5.0, "x": 45.0, "wp": 1.032, "ne": 2.9304702633226453e+20}, "5.0 25.0": {"mob": 10.189476633492516, "d": 1059.0, "rho": 0.0023809744670448, "Rs": 22.483233872, "y": 25.0, "x": 5.0, "wp": 0.967, "ne": 2.5729471899789187e+20}, "-15.0 -5.0": {"mob": 18.80827049393128, "d": 687.0, "rho": 0.0008796236791188, "Rs": 12.803838123999999, "y": -5.0, "x": -15.0, "wp": 1.171, "ne": 3.773042649131668e+20}, "-15.0 5.0": {"mob": 19.480332150911003, "d": 752.0, "rho": 0.0008449422223616001, "Rs": 11.235933808, "y": 5.0, "x": -15.0, "wp": 1.174, "ne": 3.7923998263431437e+20}, "-5.0 -45.0": {"mob": 5.249886726042242, "d": 451.0, "rho": 0.0053586693189128, "Rs": 118.817501528, "y": -45.0, "x": -5.0, "wp": 0.898, "ne": 2.2188635582150577e+20}, "-45.0 -35.0": {"mob": 7.99698566023126, "d": 343.0, "rho": 0.0029298342385004005, "Rs": 85.41790782800001, "y": -35.0, "x": -45.0, "wp": 0.984, "ne": 2.6642079570824043e+20}, "15.0 25.0": {"mob": 7.298078055362602, "d": 1128.0, "rho": 0.003633018376416, "Rs": 32.20760972, "y": 25.0, "x": 15.0, "wp": 0.925, "ne": 2.354297761417055e+20}, "-15.0 15.0": {"mob": 18.58608175916454, "d": 821.0, "rho": 0.0010014599227336, "Rs": 12.198050216, "y": 15.0, "x": -15.0, "wp": 1.104, "ne": 3.353637142883027e+20}, "-5.0 5.0": {"mob": 19.386144461238946, "d": 834.0, "rho": 0.0008622163790591999, "Rs": 10.338325888, "y": 5.0, "x": -5.0, "wp": 1.165, "ne": 3.734476878584967e+20}, "-35.0 45.0": {"mob": 15.239058719812888, "d": 696.0, "rho": 0.0015067064685023999, "Rs": 21.648081444, "y": 45.0, "x": -35.0, "wp": 0.994, "ne": 2.7186336806421755e+20}, "15.0 15.0": {"mob": 11.591937706079, "d": 1070.0, "rho": 0.00183046929362, "Rs": 17.10718966, "y": 15.0, "x": 15.0, "wp": 1.034, "ne": 2.9418396814090443e+20}, "-45.0 -25.0": {"mob": 10.537434036203084, "d": 385.0, "rho": 0.0022462563170739997, "Rs": 58.344319924, "y": -25.0, "x": -45.0, "wp": 0.979, "ne": 2.6372014617973093e+20}, "15.0 5.0": {"mob": 16.506739530795564, "d": 984.0, "rho": 0.0010897797988703999, "Rs": 11.074997955999999, "y": 5.0, "x": 15.0, "wp": 1.123, "ne": 3.470063616138063e+20}, "45.0 -5.0": {"mob": 15.416075274493274, "d": 994.0, "rho": 0.001160670538412, "Rs": 11.67676598, "y": -5.0, "x": 45.0, "wp": 1.126, "ne": 3.488628346009535e+20}, "-5.0 15.0": {"mob": 16.708030990078296, "d": 917.0, "rho": 0.0011470345543887997, "Rs": 12.508555664, "y": 15.0, "x": -5.0, "wp": 1.088, "ne": 3.257134666811828e+20}, "15.0 35.0": {"mob": 3.491677019814063, "d": 1177.0, "rho": 0.0085839463414452, "Rs": 72.930725076, "y": 35.0, "x": 15.0, "wp": 0.87, "ne": 2.082650665439379e+20}, "-25.0 5.0": {"mob": 19.059360959206145, "d": 667.0, "rho": 0.0008785070849587999, "Rs": 13.171020764, "y": 5.0, "x": -25.0, "wp": 1.164, "ne": 3.728068511033364e+20}, "5.0 -35.0": {"mob": 10.394301394348187, "d": 534.0, "rho": 0.002106050120856, "Rs": 39.43914084, "y": -35.0, "x": 5.0,